case,field,type,status,computed,reference,diff
ColemanTransformInverse.0.0.1,pitcomipc_1p,array,IDENTICAL,,,size=           3
ColemanTransformInverse.0.0.2,pitcomipc_1p,array,IDENTICAL,,,size=           3
ColemanTransformInverse.0.0.3,pitcomipc_1p,array,IDENTICAL,,,size=           3
ColemanTransformInverse.0.0.4,pitcomipc_1p,array,IDENTICAL,,,size=           3
ColemanTransformInverse.0.0.5,pitcomipc_1p,array,IDENTICAL,,,size=           3
ColemanTransformInverse.0.0.6,pitcomipc_1p,array,IDENTICAL,,,size=           3
ColemanTransformInverse.0.0.7,pitcomipc_1p,array,IDENTICAL,,,size=           3
ColemanTransformInverse.0.0.8,pitcomipc_1p,array,IDENTICAL,,,size=           3
ColemanTransformInverse.0.0.9,pitcomipc_1p,array,IDENTICAL,,,size=           3
ColemanTransformInverse.0.0.10,pitcomipc_1p,array,IDENTICAL,,,size=           3
ColemanTransformInverse.0.0.11,pitcomipc_1p,array,IDENTICAL,,,size=           3
ColemanTransformInverse.0.0.12,pitcomipc_1p,array,IDENTICAL,,,size=           3
ColemanTransformInverse.0.0.13,pitcomipc_1p,array,IDENTICAL,,,size=           3
ColemanTransformInverse.0.0.14,pitcomipc_1p,array,IDENTICAL,,,size=           3
ColemanTransformInverse.0.0.15,pitcomipc_1p,array,IDENTICAL,,,size=           3
ColemanTransformInverse.0.0.16,pitcomipc_1p,array,IDENTICAL,,,size=           3
ColemanTransformInverse.0.0.17,pitcomipc_1p,array,IDENTICAL,,,size=           3
ColemanTransformInverse.0.0.18,pitcomipc_1p,array,IDENTICAL,,,size=           3
ColemanTransformInverse.0.0.19,pitcomipc_1p,array,IDENTICAL,,,size=           3
ColemanTransformInverse.0.0.20,pitcomipc_1p,array,IDENTICAL,,,size=           3
ColemanTransformInverse.0.0.12000,pitcomipc_1p,array,IDENTICAL,,,size=           3
ColemanTransformInverse.0.0.12001,pitcomipc_1p,array,IDENTICAL,,,size=           3
ColemanTransformInverse.0.0.12002,pitcomipc_1p,array,IDENTICAL,,,size=           3
ColemanTransformInverse.0.0.12003,pitcomipc_1p,array,IDENTICAL,,,size=           3
ColemanTransformInverse.0.0.12004,pitcomipc_1p,array,IDENTICAL,,,size=           3
ColemanTransformInverse.0.0.12005,pitcomipc_1p,array,IDENTICAL,,,size=           3
ColemanTransformInverse.0.0.12006,pitcomipc_1p,array,IDENTICAL,,,size=           3
ColemanTransformInverse.0.0.12007,pitcomipc_1p,array,IDENTICAL,,,size=           3
ColemanTransformInverse.0.0.12008,pitcomipc_1p,array,IDENTICAL,,,size=           3
ColemanTransformInverse.0.0.12009,pitcomipc_1p,array,IDENTICAL,,,size=           3
ColemanTransformInverse.0.0.12010,pitcomipc_1p,array,IDENTICAL,,,size=           3
ColemanTransformInverse.0.0.12011,pitcomipc_1p,array,IDENTICAL,,,size=           3
ColemanTransformInverse.0.0.12012,pitcomipc_1p,array,IDENTICAL,,,size=           3
ColemanTransformInverse.0.0.12013,pitcomipc_1p,array,IDENTICAL,,,size=           3
ColemanTransformInverse.0.0.12014,pitcomipc_1p,array,IDENTICAL,,,size=           3
ColemanTransformInverse.0.0.12015,pitcomipc_1p,array,IDENTICAL,,,size=           3
ColemanTransformInverse.0.0.12016,pitcomipc_1p,array,IDENTICAL,,,size=           3
ColemanTransformInverse.0.0.12017,pitcomipc_1p,array,IDENTICAL,,,size=           3
ColemanTransformInverse.0.0.12018,pitcomipc_1p,array,IDENTICAL,,,size=           3
ColemanTransformInverse.0.0.12019,pitcomipc_1p,array,IDENTICAL,,,size=           3
ColemanTransformInverse.0.0.12020,pitcomipc_1p,array,IDENTICAL,,,size=           3
ColemanTransformInverse.0.0.23900,pitcomipc_1p,array,IDENTICAL,,,size=           3
ColemanTransformInverse.0.0.23901,pitcomipc_1p,array,IDENTICAL,,,size=           3
ColemanTransformInverse.0.0.23902,pitcomipc_1p,array,IDENTICAL,,,size=           3
ColemanTransformInverse.0.0.23903,pitcomipc_1p,array,IDENTICAL,,,size=           3
ColemanTransformInverse.0.0.23904,pitcomipc_1p,array,IDENTICAL,,,size=           3
ColemanTransformInverse.0.0.23905,pitcomipc_1p,array,IDENTICAL,,,size=           3
ColemanTransformInverse.0.0.23906,pitcomipc_1p,array,IDENTICAL,,,size=           3
ColemanTransformInverse.0.0.23907,pitcomipc_1p,array,IDENTICAL,,,size=           3
ColemanTransformInverse.0.0.23908,pitcomipc_1p,array,IDENTICAL,,,size=           3
ColemanTransformInverse.0.0.23909,pitcomipc_1p,array,IDENTICAL,,,size=           3
ColemanTransformInverse.0.0.23910,pitcomipc_1p,array,IDENTICAL,,,size=           3
ColemanTransformInverse.0.0.23911,pitcomipc_1p,array,IDENTICAL,,,size=           3
ColemanTransformInverse.0.0.23912,pitcomipc_1p,array,IDENTICAL,,,size=           3
ColemanTransformInverse.0.0.23913,pitcomipc_1p,array,IDENTICAL,,,size=           3
ColemanTransformInverse.0.0.23914,pitcomipc_1p,array,IDENTICAL,,,size=           3
ColemanTransformInverse.0.0.23915,pitcomipc_1p,array,IDENTICAL,,,size=           3
ColemanTransformInverse.0.0.23916,pitcomipc_1p,array,IDENTICAL,,,size=           3
ColemanTransformInverse.0.0.23917,pitcomipc_1p,array,IDENTICAL,,,size=           3
ColemanTransformInverse.0.0.23918,pitcomipc_1p,array,IDENTICAL,,,size=           3
ColemanTransformInverse.0.0.23919,pitcomipc_1p,array,IDENTICAL,,,size=           3
ColemanTransformInverse.0.0.23920,pitcomipc_1p,array,IDENTICAL,,,size=           3
ColemanTransformInverse.0.0.21,pitcomipc_1p,array,IDENTICAL,,,size=           3
